{
  "Clitocine": {
    "mean": {
      "r2": 0.6065684199333191,
      "pearson": 0.7833841919898987,
      "spearman": 0.8174632277615362,
      "rmse": 0.28636917368056153
    },
    "std": {
      "r2": 0.01536364274446589,
      "pearson": 0.0098472043337386,
      "spearman": 0.005251318317176427,
      "rmse": 0.007307632369260857
    },
    "context_nt": 10,
    "seq_len": 23
  },
  "DAP": {
    "mean": {
      "r2": 0.800549840927124,
      "pearson": 0.8965050220489502,
      "spearman": 0.8277204330234443,
      "rmse": 0.34555842523100955
    },
    "std": {
      "r2": 0.004202469009796584,
      "pearson": 0.0021986118486430864,
      "spearman": 0.0038169381646399702,
      "rmse": 0.0030590490728888468
    },
    "context_nt": 10,
    "seq_len": 23
  },
  "G418": {
    "mean": {
      "r2": 0.49206324815750124,
      "pearson": 0.7121401309967041,
      "spearman": 0.724341264093451,
      "rmse": 0.40188069564266166
    },
    "std": {
      "r2": 0.02151707310740683,
      "pearson": 0.013732157980520068,
      "spearman": 0.003731973440005237,
      "rmse": 0.008278596183403828
    },
    "context_nt": 10,
    "seq_len": 23
  },
  "SJ6986": {
    "mean": {
      "r2": 0.43688353300094607,
      "pearson": 0.6707176685333252,
      "spearman": 0.685238646973445,
      "rmse": 0.6794752471462153
    },
    "std": {
      "r2": 0.035044073892933056,
      "pearson": 0.021826727604981694,
      "spearman": 0.01331813616156324,
      "rmse": 0.0182181830898108
    },
    "context_nt": 10,
    "seq_len": 23
  },
  "SRI": {
    "mean": {
      "r2": 0.5919772267341614,
      "pearson": 0.778716790676117,
      "spearman": 0.7657114706891681,
      "rmse": 0.4354651374594944
    },
    "std": {
      "r2": 0.01007681293334959,
      "pearson": 0.007594022182797747,
      "spearman": 0.007016824792931024,
      "rmse": 0.009821748776770441
    },
    "context_nt": 10,
    "seq_len": 23
  }
}