{
  "Clitocine": {
    "ridge": {
      "mean": {
        "r2": -0.019773495229676374,
        "pearson": 0.15128301928343227,
        "spearman": 0.1653448127496786,
        "rmse": 0.4816973998371088,
        "auroc": 0.5770801051533248
      },
      "std": {
        "r2": 0.012779653484866146,
        "pearson": 0.017311844187248196,
        "spearman": 0.018310241854391035,
        "rmse": 0.009126745302300444,
        "auroc": 0.009026100803909858
      }
    },
    "xgb_default": {
      "mean": {
        "r2": -0.0007952152044124361,
        "pearson": 0.14490318514768777,
        "spearman": 0.13354420989133392,
        "rmse": 0.47715845355953296,
        "auroc": 0.565840375355396
      },
      "std": {
        "r2": 0.006806128899104859,
        "pearson": 0.010959276907945374,
        "spearman": 0.0026339889713624474,
        "rmse": 0.005855869440758516,
        "auroc": 0.004509591791055447
      }
    },
    "lightgbm": {
      "mean": {
        "r2": 0.0022369429981484055,
        "pearson": 0.14602690905328672,
        "spearman": 0.1385740470770913,
        "rmse": 0.476448287956636,
        "auroc": 0.5655668530099239
      },
      "std": {
        "r2": 0.005020199275572017,
        "pearson": 0.008016784989307055,
        "spearman": 0.013742634024231065,
        "rmse": 0.006673396461727307,
        "auroc": 0.012185895188146504
      }
    },
    "xgb_tuned": {
      "mean": {
        "r2": 0.023689601789925917,
        "pearson": 0.16304275355838338,
        "spearman": 0.15489817755026478,
        "rmse": 0.4712915285129107,
        "auroc": 0.5751602206370905
      },
      "std": {
        "r2": 0.00535901869398604,
        "pearson": 0.012023987405459033,
        "spearman": 0.01148842896725055,
        "rmse": 0.006136147714611838,
        "auroc": 0.007232822044251716
      },
      "best_params": {
        "n_estimators": 800,
        "learning_rate": 0.016920973604118848,
        "max_depth": 8,
        "min_child_weight": 6,
        "subsample": 0.5513610731050357,
        "colsample_bytree": 0.7674595956755343,
        "gamma": 0.13124046639963124,
        "reg_alpha": 3.6154423432287075,
        "reg_lambda": 0.14126432102062736
      }
    }
  },
  "DAP": {
    "ridge": {
      "mean": {
        "r2": 0.059384973780727116,
        "pearson": 0.2861707670172266,
        "spearman": 0.25426870635981047,
        "rmse": 0.7529548967824244,
        "auroc": 0.6746877643702909
      },
      "std": {
        "r2": 0.014361913732191645,
        "pearson": 0.012528746755362261,
        "spearman": 0.012158597955751041,
        "rmse": 0.00623007546075052,
        "auroc": 0.007026549138394527
      }
    },
    "xgb_default": {
      "mean": {
        "r2": 0.0673690950449584,
        "pearson": 0.2706714601121082,
        "spearman": 0.2205963155500505,
        "rmse": 0.7497497224334654,
        "auroc": 0.6534657284479993
      },
      "std": {
        "r2": 0.012537164830675943,
        "pearson": 0.01812796537234316,
        "spearman": 0.013441008962002296,
        "rmse": 0.0045231268749466825,
        "auroc": 0.009387289877896275
      }
    },
    "lightgbm": {
      "mean": {
        "r2": 0.06500697385842227,
        "pearson": 0.26727946372809924,
        "spearman": 0.2195210554775592,
        "rmse": 0.7506980388190175,
        "auroc": 0.6540186116684839
      },
      "std": {
        "r2": 0.013133520994981976,
        "pearson": 0.019180443628093825,
        "spearman": 0.015030120045820664,
        "rmse": 0.0049014636833917425,
        "auroc": 0.009823236427255836
      }
    },
    "xgb_tuned": {
      "mean": {
        "r2": 0.08776395652348871,
        "pearson": 0.2965071605508348,
        "spearman": 0.2405891887952843,
        "rmse": 0.7415252998949302,
        "auroc": 0.6702194063445817
      },
      "std": {
        "r2": 0.009448700320928632,
        "pearson": 0.015719805633146185,
        "spearman": 0.010520518276890588,
        "rmse": 0.0052463740736661685,
        "auroc": 0.008435663283025729
      },
      "best_params": {
        "n_estimators": 1600,
        "learning_rate": 0.014976961525368176,
        "max_depth": 6,
        "min_child_weight": 6,
        "subsample": 0.6465168519109188,
        "colsample_bytree": 0.6239108437079185,
        "gamma": 0.8144636359605171,
        "reg_alpha": 3.8863022579034228,
        "reg_lambda": 0.030404621593964374
      }
    }
  },
  "G418": {
    "ridge": {
      "mean": {
        "r2": -0.0049770743636611044,
        "pearson": 0.17662452461461706,
        "spearman": 0.1851069329272856,
        "rmse": 0.5700100921241747,
        "auroc": 0.5878870994304867
      },
      "std": {
        "r2": 0.0187632927895899,
        "pearson": 0.022444327385470742,
        "spearman": 0.017658827496913044,
        "rmse": 0.013957972313678594,
        "auroc": 0.010011555327516785
      }
    },
    "xgb_default": {
      "mean": {
        "r2": 0.0024344877489039128,
        "pearson": 0.16227682490346243,
        "spearman": 0.15072726094286487,
        "rmse": 0.5678724854483744,
        "auroc": 0.5743395704612827
      },
      "std": {
        "r2": 0.008996120464327902,
        "pearson": 0.012589310203021873,
        "spearman": 0.010099669210214936,
        "rmse": 0.010835878895056593,
        "auroc": 0.003978594272022751
      }
    },
    "lightgbm": {
      "mean": {
        "r2": 0.004257086072515448,
        "pearson": 0.16176210051465997,
        "spearman": 0.15697612873894987,
        "rmse": 0.5673557401469088,
        "auroc": 0.5755571980573567
      },
      "std": {
        "r2": 0.008427338653731657,
        "pearson": 0.012476177341871952,
        "spearman": 0.011969939104417703,
        "rmse": 0.01087044934136492,
        "auroc": 0.004078545206919504
      }
    },
    "xgb_tuned": {
      "mean": {
        "r2": 0.03721978687807572,
        "pearson": 0.19465336624691862,
        "spearman": 0.18979810895609017,
        "rmse": 0.5579297769990647,
        "auroc": 0.5913888110067402
      },
      "std": {
        "r2": 0.004010072497127335,
        "pearson": 0.01106406959235982,
        "spearman": 0.005743898802384857,
        "rmse": 0.012415323616131969,
        "auroc": 0.0028744678720101485
      },
      "best_params": {
        "n_estimators": 1100,
        "learning_rate": 0.012397919576623232,
        "max_depth": 7,
        "min_child_weight": 2,
        "subsample": 0.9080981810896659,
        "colsample_bytree": 0.41167712414918006,
        "gamma": 0.6330163474205319,
        "reg_alpha": 5.093597235921328,
        "reg_lambda": 0.0009414168011007797
      }
    }
  },
  "SJ6986": {
    "ridge": {
      "mean": {
        "r2": 0.04149278682261086,
        "pearson": 0.25937046932168334,
        "spearman": 0.25081507813774,
        "rmse": 0.8699434729966798,
        "auroc": 0.6187071867425921
      },
      "std": {
        "r2": 0.008477173002716965,
        "pearson": 0.011403054124446744,
        "spearman": 0.0120920684246538,
        "rmse": 0.013222667003099112,
        "auroc": 0.006498070053505435
      }
    },
    "xgb_default": {
      "mean": {
        "r2": 0.056177751431999434,
        "pearson": 0.2560979332831568,
        "spearman": 0.24556808698438565,
        "rmse": 0.8632675012102267,
        "auroc": 0.6164503888743939
      },
      "std": {
        "r2": 0.005326476640568159,
        "pearson": 0.006842981926812097,
        "spearman": 0.006540500779739723,
        "rmse": 0.013372498604555479,
        "auroc": 0.0029879532921219414
      }
    },
    "lightgbm": {
      "mean": {
        "r2": 0.05785749712573829,
        "pearson": 0.2586207765740808,
        "spearman": 0.25223948307927174,
        "rmse": 0.8625055616694872,
        "auroc": 0.6212052062840023
      },
      "std": {
        "r2": 0.0037848462131714056,
        "pearson": 0.005886256293330772,
        "spearman": 0.011613495094969747,
        "rmse": 0.013536739968409041,