{
  "Clitocine": {
    "mean": {
      "r2": 0.3920210599899292,
      "pearson": 0.6327045917510986,
      "spearman": 0.665264584676352,
      "rmse": 0.35598321470871097
    },
    "std": {
      "r2": 0.01367018893847307,
      "pearson": 0.006913690300651246,
      "spearman": 0.008905859108406395,
      "rmse": 0.0037971908287512085
    },
    "context_nt": 30,
    "seq_len": 63
  },
  "DAP": {
    "mean": {
      "r2": 0.529139494895935,
      "pearson": 0.7329157829284668,
      "spearman": 0.6980342098588797,
      "rmse": 0.530887416750055
    },
    "std": {
      "r2": 0.014417246148080246,
      "pearson": 0.008552622718090815,
      "spearman": 0.009348650426267074,
      "rmse": 0.00540884698905588
    },
    "context_nt": 30,
    "seq_len": 63
  },
  "G418": {
    "mean": {
      "r2": 0.31542656421661375,
      "pearson": 0.5732931613922119,
      "spearman": 0.5737336375955151,
      "rmse": 0.46676314405499264
    },
    "std": {
      "r2": 0.022888912127636052,
      "pearson": 0.018804069428052333,
      "spearman": 0.00952684721661895,
      "rmse": 0.014370765499678795
    },
    "context_nt": 30,
    "seq_len": 63
  },
  "SJ6986": {
    "mean": {
      "r2": 0.32904576063156127,
      "pearson": 0.581714677810669,
      "spearman": 0.5681446635604605,
      "rmse": 0.742039703037554
    },
    "std": {
      "r2": 0.022198421650910842,
      "pearson": 0.016918587763116756,
      "spearman": 0.006751541954544912,
      "rmse": 0.01223512825331917
    },
    "context_nt": 30,
    "seq_len": 63
  },
  "SRI": {
    "mean": {
      "r2": 0.3770919322967529,
      "pearson": 0.6238004088401794,
      "spearman": 0.6114615066050068,
      "rmse": 0.5380262008317583
    },
    "std": {
      "r2": 0.017395022199546157,
      "pearson": 0.010400039544418215,
      "spearman": 0.01588184399128778,
      "rmse": 0.012047778856087318
    },
    "context_nt": 30,
    "seq_len": 63
  }
}