{
  "Clitocine": {
    "mean": {
      "r2": 0.2501423001289368,
      "pearson": 0.504994374513626,
      "spearman": 0.5311755642510161,
      "rmse": 0.39539163138282424
    },
    "std": {
      "r2": 0.015317513434122791,
      "pearson": 0.015887163788049215,
      "spearman": 0.007888030230230759,
      "rmse": 0.007033486724918922
    },
    "context_nt": 63,
    "seq_len": 129
  },
  "DAP": {
    "mean": {
      "r2": 0.3561986207962036,
      "pearson": 0.6047385692596435,
      "spearman": 0.5640235006313171,
      "rmse": 0.62084528469453
    },
    "std": {
      "r2": 0.01316365273940884,
      "pearson": 0.00927712183397791,
      "spearman": 0.009804396432903867,
      "rmse": 0.005621560088048239
    },
    "context_nt": 63,
    "seq_len": 129
  },
  "G418": {
    "mean": {
      "r2": 0.20716476440429688,
      "pearson": 0.46523928046226504,
      "spearman": 0.4516266703432047,
      "rmse": 0.5022867299585648
    },
    "std": {
      "r2": 0.012220740430280532,
      "pearson": 0.008939307581519885,
      "spearman": 0.00811194668308668,
      "rmse": 0.010226570363972768
    },
    "context_nt": 63,
    "seq_len": 129
  },
  "SJ6986": {
    "mean": {
      "r2": 0.2595691442489624,
      "pearson": 0.5211734354496003,
      "spearman": 0.4944859599687093,
      "rmse": 0.7794516555153927
    },
    "std": {
      "r2": 0.027362645285959296,
      "pearson": 0.02308225982264989,
      "spearman": 0.008204944382365062,
      "rmse": 0.012265639144126228
    },
    "context_nt": 63,
    "seq_len": 129
  },
  "SRI": {
    "mean": {
      "r2": 0.242142915725708,
      "pearson": 0.5054123044013977,
      "spearman": 0.5050376945604673,
      "rmse": 0.5934279636971521
    },
    "std": {
      "r2": 0.020981087380483886,
      "pearson": 0.016247077503491532,
      "spearman": 0.011497301759727845,
      "rmse": 0.012062798556855277
    },
    "context_nt": 63,
    "seq_len": 129
  }
}