{
  "Clitocine": {
    "mean": {
      "r2": 0.3100045323371887,
      "pearson": 0.5597888946533203,
      "spearman": 0.5891353375317844,
      "rmse": 0.3792699844476837
    },
    "std": {
      "r2": 0.016230821023799583,
      "pearson": 0.015008470107966644,
      "spearman": 0.01313749566264293,
      "rmse": 0.0068540774076850134
    },
    "context_nt": 45,
    "seq_len": 93
  },
  "DAP": {
    "mean": {
      "r2": 0.43063839673995974,
      "pearson": 0.6630365133285523,
      "spearman": 0.6273152229482778,
      "rmse": 0.583833598480619
    },
    "std": {
      "r2": 0.011673852485652322,
      "pearson": 0.007061669018615863,
      "spearman": 0.008614692393693706,
      "rmse": 0.0030903255935283017
    },
    "context_nt": 45,
    "seq_len": 93
  },
  "G418": {
    "mean": {
      "r2": 0.2556570529937744,
      "pearson": 0.5142623901367187,
      "spearman": 0.5087251339108017,
      "rmse": 0.4867151066558068
    },
    "std": {
      "r2": 0.017469931789377748,
      "pearson": 0.01652579617999167,
      "spearman": 0.007201849456110355,
      "rmse": 0.012726007327428835
    },
    "context_nt": 45,
    "seq_len": 93
  },
  "SJ6986": {
    "mean": {
      "r2": 0.2890483498573303,
      "pearson": 0.5479731559753418,
      "spearman": 0.5271126237992979,
      "rmse": 0.7638328603066391
    },
    "std": {
      "r2": 0.022994665552013797,
      "pearson": 0.017424406719692576,
      "spearman": 0.01302530849248926,
      "rmse": 0.011742592963338851
    },
    "context_nt": 45,
    "seq_len": 93
  },
  "SRI": {
    "mean": {
      "r2": 0.30591869354248047,
      "pearson": 0.5598491549491882,
      "spearman": 0.5442876727795273,
      "rmse": 0.5679220136783435
    },
    "std": {
      "r2": 0.017399282705419655,
      "pearson": 0.016244428738543152,
      "spearman": 0.01869984403179737,
      "rmse": 0.011202032932815017
    },
    "context_nt": 45,
    "seq_len": 93
  }
}