{
  "Clitocine": {
    "mean": {
      "r2": 0.49674350023269653,
      "pearson": 0.7064600586891174,
      "spearman": 0.7578376159113503,
      "rmse": 0.3239288564117169
    },
    "std": {
      "r2": 0.011305155623151174,
      "pearson": 0.008379686746267243,
      "spearman": 0.004438725151852032,
      "rmse": 0.00675639258180067
    },
    "context_nt": 10,
    "seq_len": 13
  },
  "DAP": {
    "mean": {
      "r2": 0.8305256366729736,
      "pearson": 0.9116060256958007,
      "spearman": 0.8200772367490459,
      "rmse": 0.3185145337460703
    },
    "std": {
      "r2": 0.0071145046010728935,
      "pearson": 0.003985729547085206,
      "spearman": 0.004033912748893866,
      "rmse": 0.007925769899502805
    },
    "context_nt": 10,
    "seq_len": 13
  },
  "G418": {
    "mean": {
      "r2": 0.21923742294311524,
      "pearson": 0.4733867168426514,
      "spearman": 0.6016045957102631,
      "rmse": 0.49851013405385525
    },
    "std": {
      "r2": 0.0075759682553277145,
      "pearson": 0.009313314233180249,
      "spearman": 0.009448157436180592,
      "rmse": 0.012105811780205719
    },
    "context_nt": 10,
    "seq_len": 13
  },
  "SJ6986": {
    "mean": {
      "r2": 0.2336132764816284,
      "pearson": 0.4867958307266235,
      "spearman": 0.5458582536762691,
      "rmse": 0.7932153759921192
    },
    "std": {
      "r2": 0.008297617134242895,
      "pearson": 0.009741706658144412,
      "spearman": 0.012058512820864122,
      "rmse": 0.010764497214301248
    },
    "context_nt": 10,
    "seq_len": 13
  },
  "SRI": {
    "mean": {
      "r2": 0.24791228771209717,
      "pearson": 0.5021651804447174,
      "spearman": 0.6009006565018526,
      "rmse": 0.5912034619147075
    },
    "std": {
      "r2": 0.009400954594163027,
      "pearson": 0.010946669740814674,
      "spearman": 0.008158296362219802,
      "rmse": 0.009313693928892435
    },
    "context_nt": 10,
    "seq_len": 13
  }
}