{
  "Clitocine": {
    "mean": {
      "r2": 0.7131921172142028,
      "pearson": 0.8475803852081298,
      "spearman": 0.8744159625872054,
      "rmse": 0.24449267711652373
    },
    "std": {
      "r2": 0.011450588092672435,
      "pearson": 0.007572560259171696,
      "spearman": 0.0021951271148328492,
      "rmse": 0.00596708946529233
    },
    "context_nt": 45,
    "seq_len": 93
  },
  "DAP": {
    "mean": {
      "r2": 0.8936203122138977,
      "pearson": 0.9456548810005188,
      "spearman": 0.8740977003182258,
      "rmse": 0.25236235439128013
    },
    "std": {
      "r2": 0.003800600693358355,
      "pearson": 0.0020595899875849133,
      "spearman": 0.0023795123061173466,
      "rmse": 0.005416641692321738
    },
    "context_nt": 45,
    "seq_len": 93
  },
  "G418": {
    "mean": {
      "r2": 0.6303000211715698,
      "pearson": 0.7996464371681213,
      "spearman": 0.8154613790853891,
      "rmse": 0.34273468761252535
    },
    "std": {
      "r2": 0.022885301683880113,
      "pearson": 0.015552137264818492,
      "spearman": 0.008088013664039157,
      "rmse": 0.008872116244579767
    },
    "context_nt": 45,
    "seq_len": 93
  },
  "SJ6986": {
    "mean": {
      "r2": 0.5833453297615051,
      "pearson": 0.771072793006897,
      "spearman": 0.7750094335046219,
      "rmse": 0.5846401959369805
    },
    "std": {
      "r2": 0.021725863694424974,
      "pearson": 0.011487114874976695,
      "spearman": 0.004140374311932902,
      "rmse": 0.01562423647743462
    },
    "context_nt": 45,
    "seq_len": 93
  },
  "SRI": {
    "mean": {
      "r2": 0.7583140850067138,
      "pearson": 0.8781000733375549,
      "spearman": 0.8594650898625931,
      "rmse": 0.3349924953971843
    },
    "std": {
      "r2": 0.01534307148645939,
      "pearson": 0.007787478586780302,
      "spearman": 0.00951225607339343,
      "rmse": 0.012068033600897277
    },
    "context_nt": 45,
    "seq_len": 93
  }
}