{
  "Clitocine": {
    "mean": {
      "r2": 0.6145036101341248,
      "pearson": 0.7845959305763245,
      "spearman": 0.7757888921546562,
      "rmse": 0.2834943454904293
    },
    "std": {
      "r2": 0.006698330390164499,
      "pearson": 0.0045919676948449955,
      "spearman": 0.003596865829808499,
      "rmse": 0.004403104132556822
    },
    "context_nt": 10,
    "seq_len": 13
  },
  "DAP": {
    "mean": {
      "r2": 0.841221809387207,
      "pearson": 0.9173203706741333,
      "spearman": 0.8319537158076157,
      "rmse": 0.3082851659759712
    },
    "std": {
      "r2": 0.008189825557700958,
      "pearson": 0.004443541949076267,
      "spearman": 0.002255539870218725,
      "rmse": 0.00955762589128926
    },
    "context_nt": 10,
    "seq_len": 13
  },
  "G418": {
    "mean": {
      "r2": 0.4776954650878906,
      "pearson": 0.692654550075531,
      "spearman": 0.7170696941203711,
      "rmse": 0.4076432063461487
    },
    "std": {
      "r2": 0.01589008093893713,
      "pearson": 0.011076057332792613,
      "spearman": 0.01041513556279924,
      "rmse": 0.00986524334518412
    },
    "context_nt": 10,
    "seq_len": 13
  },
  "SJ6986": {
    "mean": {
      "r2": 0.4265960335731506,
      "pearson": 0.6549021005630493,
      "spearman": 0.6343305155195045,
      "rmse": 0.6860031562971993
    },
    "std": {
      "r2": 0.018440610567907398,
      "pearson": 0.01426997351950867,
      "spearman": 0.005428825037525083,
      "rmse": 0.01209643841632077
    },
    "context_nt": 10,
    "seq_len": 13
  },
  "SRI": {
    "mean": {
      "r2": 0.612042236328125,
      "pearson": 0.7848769903182984,
      "spearman": 0.7159439227943243,
      "rmse": 0.4245532207111967
    },
    "std": {
      "r2": 0.01345969472477555,
      "pearson": 0.008402227957727694,
      "spearman": 0.007207058798275969,
      "rmse": 0.009357999036686384
    },
    "context_nt": 10,
    "seq_len": 13
  }
}