{
  "Clitocine": {
    "mean": {
      "r2": -0.0010964155197143554,
      "pearson": 0.027326855063438415,
      "spearman": 0.04692670724948338,
      "rmse": 0.4568536090082427
    },
    "std": {
      "r2": 0.0019061039761708739,
      "pearson": 0.015889655291428204,
      "spearman": 0.010637067019500153,
      "rmse": 0.004832322583858258
    },
    "context_nt": 45,
    "seq_len": 93
  },
  "DAP": {
    "mean": {
      "r2": 0.04217772483825684,
      "pearson": 0.21347085535526275,
      "spearman": 0.15271004603803734,
      "rmse": 0.7573295441206233
    },
    "std": {
      "r2": 0.005600995246332511,
      "pearson": 0.01077797178663989,
      "spearman": 0.009506271829365458,
      "rmse": 0.005404687982598314
    },
    "context_nt": 45,
    "seq_len": 93
  },
  "G418": {
    "mean": {
      "r2": 0.025406134128570557,
      "pearson": 0.19147352278232574,
      "spearman": 0.20022800075427444,
      "rmse": 0.5569440297301291
    },
    "std": {
      "r2": 0.006643062696953044,
      "pearson": 0.01563564593087516,
      "spearman": 0.009674088893895734,
      "rmse": 0.012482093504036406
    },
    "context_nt": 45,
    "seq_len": 93
  },
  "SJ6986": {
    "mean": {
      "r2": 0.06334419250488281,
      "pearson": 0.26701194047927856,
      "spearman": 0.270597222546487,
      "rmse": 0.8769160232227826
    },
    "std": {
      "r2": 0.0017795791620032785,
      "pearson": 0.005634713617468902,
      "spearman": 0.009152121629599901,
      "rmse": 0.010004766447849315
    },
    "context_nt": 45,
    "seq_len": 93
  },
  "SRI": {
    "mean": {
      "r2": 0.03145768642425537,
      "pearson": 0.19639552235603333,
      "spearman": 0.24978786607432504,
      "rmse": 0.6709143057163006
    },
    "std": {
      "r2": 0.002499044935813455,
      "pearson": 0.015075714511240554,
      "spearman": 0.01538202822404631,
      "rmse": 0.009380455284870094
    },
    "context_nt": 45,
    "seq_len": 93
  }
}