{
  "Clitocine": {
    "mean": {
      "r2": 0.5185396790504455,
      "pearson": 0.7266842365264893,
      "spearman": 0.7569631506602583,
      "rmse": 0.31677747497950176
    },
    "std": {
      "r2": 0.01747054118247003,
      "pearson": 0.010501239073409519,
      "spearman": 0.006516203645708893,
      "rmse": 0.006926797998043996
    },
    "context_nt": 15,
    "seq_len": 33
  },
  "DAP": {
    "mean": {
      "r2": 0.6964690327644348,
      "pearson": 0.8368995189666748,
      "spearman": 0.7894890372583003,
      "rmse": 0.4262038312443398
    },
    "std": {
      "r2": 0.011456258173738545,
      "pearson": 0.007105636973608578,
      "spearman": 0.007983192312159519,
      "rmse": 0.005485834979744919
    },
    "context_nt": 15,
    "seq_len": 33
  },
  "G418": {
    "mean": {
      "r2": 0.42114030122756957,
      "pearson": 0.6592023372650146,
      "spearman": 0.6633729181776368,
      "rmse": 0.4292018834538693
    },
    "std": {
      "r2": 0.012322745042820089,
      "pearson": 0.00875108989541895,
      "spearman": 0.0019232208775836475,
      "rmse": 0.010336765444050383
    },
    "context_nt": 15,
    "seq_len": 33
  },
  "SJ6986": {
    "mean": {
      "r2": 0.40030713081359864,
      "pearson": 0.6409859895706177,
      "spearman": 0.6427055909125328,
      "rmse": 0.7014136400006589
    },
    "std": {
      "r2": 0.026271408129143997,
      "pearson": 0.017880350725711366,
      "spearman": 0.013687639135360623,
      "rmse": 0.013121988967402133
    },
    "context_nt": 15,
    "seq_len": 33
  },
  "SRI": {
    "mean": {
      "r2": 0.5240296840667724,
      "pearson": 0.7291579246520996,
      "spearman": 0.7126282476714001,
      "rmse": 0.4703540632228071
    },
    "std": {
      "r2": 0.013386437796481259,
      "pearson": 0.011110498659717081,
      "spearman": 0.010656857191722685,
      "rmse": 0.012521103541311984
    },
    "context_nt": 15,
    "seq_len": 33
  }
}