{
  "Clitocine": {
    "mean": {
      "r2": 0.4791700005531311,
      "pearson": 0.6979272842407227,
      "spearman": 0.7275907429460627,
      "rmse": 0.3295003153266236
    },
    "std": {
      "r2": 0.007861735137588362,
      "pearson": 0.006512349927486626,
      "spearman": 0.012361051768286061,
      "rmse": 0.002955798606375797
    },
    "context_nt": 20,
    "seq_len": 43
  },
  "DAP": {
    "mean": {
      "r2": 0.6345802903175354,
      "pearson": 0.8001229524612427,
      "spearman": 0.7599858297364693,
      "rmse": 0.4676663028963867
    },
    "std": {
      "r2": 0.013733086313315752,
      "pearson": 0.008268123319559128,
      "spearman": 0.008421747488939611,
      "rmse": 0.007704284623873339
    },
    "context_nt": 20,
    "seq_len": 43
  },
  "G418": {
    "mean": {
      "r2": 0.3803120732307434,
      "pearson": 0.6282678365707397,
      "spearman": 0.6296879347702239,
      "rmse": 0.44411269149150606
    },
    "std": {
      "r2": 0.009958667050646857,
      "pearson": 0.00956048458720248,
      "spearman": 0.004275265399343725,
      "rmse": 0.011145325205286726
    },
    "context_nt": 20,
    "seq_len": 43
  },
  "SJ6986": {
    "mean": {
      "r2": 0.37085689306259156,
      "pearson": 0.619067394733429,
      "spearman": 0.6235716555574967,
      "rmse": 0.7184707606132024
    },
    "std": {
      "r2": 0.025730418855580438,
      "pearson": 0.017580940151626808,
      "spearman": 0.006172761014360602,
      "rmse": 0.013294521534722195
    },
    "context_nt": 20,
    "seq_len": 43
  },
  "SRI": {
    "mean": {
      "r2": 0.4618164777755737,
      "pearson": 0.6890590786933899,
      "spearman": 0.6739085982005759,
      "rmse": 0.500110067488363
    },
    "std": {
      "r2": 0.011843966350977867,
      "pearson": 0.010794018524774497,
      "spearman": 0.012182337465862014,
      "rmse": 0.009959084490792209
    },
    "context_nt": 20,
    "seq_len": 43
  }
}