{
  "Clitocine": {
    "mean": {
      "r2": 0.7074332594871521,
      "pearson": 0.84502774477005,
      "spearman": 0.8726666547093179,
      "rmse": 0.2469734311474646
    },
    "std": {
      "r2": 0.0040481785637476436,
      "pearson": 0.0028580147559873616,
      "spearman": 0.0043030239454462695,
      "rmse": 0.003506359126860952
    },
    "context_nt": 63,
    "seq_len": 129
  },
  "DAP": {
    "mean": {
      "r2": 0.8934167146682739,
      "pearson": 0.945434308052063,
      "spearman": 0.8764761110281125,
      "rmse": 0.2526192099982597
    },
    "std": {
      "r2": 0.002713842428388214,
      "pearson": 0.0014136751774565155,
      "spearman": 0.0029118328085103945,
      "rmse": 0.004130978947734691
    },
    "context_nt": 63,
    "seq_len": 129
  },
  "G418": {
    "mean": {
      "r2": 0.6361229062080384,
      "pearson": 0.8051019191741944,
      "spearman": 0.8225888537129684,
      "rmse": 0.3399703967686986
    },
    "std": {
      "r2": 0.027931425058073778,
      "pearson": 0.016711981234112668,
      "spearman": 0.007875241812329003,
      "rmse": 0.01240421639126222
    },
    "context_nt": 63,
    "seq_len": 129
  },
  "SJ6986": {
    "mean": {
      "r2": 0.6026334404945374,
      "pearson": 0.7846543788909912,
      "spearman": 0.7748027331990538,
      "rmse": 0.570897334572086
    },
    "std": {
      "r2": 0.025722013934132756,
      "pearson": 0.01509155160186358,
      "spearman": 0.010734192277320411,
      "rmse": 0.020802110595201352
    },
    "context_nt": 63,
    "seq_len": 129
  },
  "SRI": {
    "mean": {
      "r2": 0.7365653038024902,
      "pearson": 0.8690553545951843,
      "spearman": 0.8467140933446696,
      "rmse": 0.34912792238751994
    },
    "std": {
      "r2": 0.033741900933667836,
      "pearson": 0.015331106068642785,
      "spearman": 0.01962971761587457,
      "rmse": 0.021310210943668716
    },
    "context_nt": 63,
    "seq_len": 129
  }
}