{
  "Clitocine": {
    "mean": {
      "r2": 0.7170216321945191,
      "pearson": 0.8477436900138855,
      "spearman": 0.8733095295513758,
      "rmse": 0.24289087335627232
    },
    "std": {
      "r2": 0.009301895279264234,
      "pearson": 0.005208193410044343,
      "spearman": 0.003800907371980198,
      "rmse": 0.006106683656327218
    },
    "context_nt": 30,
    "seq_len": 63
  },
  "DAP": {
    "mean": {
      "r2": 0.8921869277954102,
      "pearson": 0.944858980178833,
      "spearman": 0.8718743149585906,
      "rmse": 0.2539583628301084
    },
    "std": {
      "r2": 0.006771901019427306,
      "pearson": 0.00345419745555264,
      "spearman": 0.005118807735766638,
      "rmse": 0.007856463903381343
    },
    "context_nt": 30,
    "seq_len": 63
  },
  "G418": {
    "mean": {
      "r2": 0.6269577026367188,
      "pearson": 0.7972904086112976,
      "spearman": 0.8126881215666636,
      "rmse": 0.3444083259614784
    },
    "std": {
      "r2": 0.019321297315461068,
      "pearson": 0.010306217207989287,
      "spearman": 0.0033353436745947344,
      "rmse": 0.010192033477496915
    },
    "context_nt": 30,
    "seq_len": 63
  },
  "SJ6986": {
    "mean": {
      "r2": 0.563338327407837,
      "pearson": 0.7575148582458496,
      "spearman": 0.768056467626286,
      "rmse": 0.598588651878204
    },
    "std": {
      "r2": 0.018561608385242585,
      "pearson": 0.011267927743480255,
      "spearman": 0.007313550055890439,
      "rmse": 0.013701950025168455
    },
    "context_nt": 30,
    "seq_len": 63
  },
  "SRI": {
    "mean": {
      "r2": 0.7601981520652771,
      "pearson": 0.878307294845581,
      "spearman": 0.8610080708453353,
      "rmse": 0.33378985789314136
    },
    "std": {
      "r2": 0.008402264663786619,
      "pearson": 0.0044716478738870725,
      "spearman": 0.004329886682999056,
      "rmse": 0.007628081936909888
    },
    "context_nt": 30,
    "seq_len": 63
  }
}