{
  "mean": {
    "auroc": 0.6127479993039409,
    "auprc": 0.42242204256677407,
    "f1": 0.5252625047568591
  },
  "std": {
    "auroc": 0.005889163437981515,
    "auprc": 0.0066924184803692725,
    "f1": 0.0016993307723744773
  },
  "per_drug": {
    "G418_2000": {
      "auroc": 0.7097151592158264,
      "auprc": 0.8302040614432663,
      "f1": 0.7995813836765903,
      "n": 1785.6,
      "pos": 1179.0
    },
    "G418_500": {
      "auroc": 0.7323650841655234,
      "auprc": 0.7735622439775028,
      "f1": 0.7299543293765429,
      "n": 1784.8,
      "pos": 973.8
    },
    "G418_500_10min": {
      "auroc": 0.7213183195019222,
      "auprc": 0.7451046965851146,
      "f1": 0.7037406425175268,
      "n": 1764.2,
      "pos": 912.2
    },
    "amik": {
      "auroc": 0.7447667960713588,
      "auprc": 0.4219536810079799,
      "f1": 0.4606395768811259,
      "n": 1788.2,
      "pos": 317.8
    },
    "genta": {
      "auroc": 0.749634504026142,
      "auprc": 0.5652071363177026,
      "f1": 0.5621015142070325,
      "n": 1761.0,
      "pos": 497.6
    },
    "neo": {
      "auroc": 0.7473207737733333,
      "auprc": 0.5540510468937981,
      "f1": 0.5577364482543692,
      "n": 1781.2,
      "pos": 498.6
    },
    "parom": {
      "auroc": 0.7414995556900578,
      "auprc": 0.5911387823837558,
      "f1": 0.5848011387258767,
      "n": 1777.2,
      "pos": 562.0
    },
    "tobra": {
      "auroc": 0.7382249599297533,
      "auprc": 0.3925630256320145,
      "f1": 0.45299613409297484,
      "n": 1746.2,
      "pos": 310.4
    },
    "untr": {
      "auroc": 0.7406463827398679,
      "auprc": 0.2435657318010016,
      "f1": 0.3410963581737544,
      "n": 1761.8,
      "pos": 171.6
    }
  },
  "config": {
    "data": "/workspace/merged_treatments.csv",
    "out_dir": "/workspace/results_classifier",
    "context_nt": 45,
    "n_transformer_layers": 2,
    "attn_window": 7,
    "dropout": 0.3,
    "loss": "bce",
    "epochs": 100,
    "patience": 20,
    "batch_size": 1024,
    "lr": 0.0005,
    "weight_decay": 0.001,
    "cv_folds": 5,
    "seed": 42
  },
  "drug_names": [
    "G418_2000",
    "G418_500",
    "G418_500_10min",
    "amik",
    "genta",
    "neo",
    "parom",
    "tobra",
    "untr"
  ]
}